transaction_id,account_id,customer_id,transaction_type,channel,amount,currency,merchant_id,merchant_category,merchant_country,transaction_ts,status
251cb508-a5c,ACC0007,CUST0017,CREDIT,POS,6279.66,INR,M638,Grocery,IN,2026-02-18 05:36:43,APPROVED
9abd4918-867,ACC0014,CUST0058,DEBIT,NEFT,2422.62,INR,,,IN,2026-03-20 02:05:43,DECLINED
391e1659-422,ACC0083,CUST0004,DEBIT,UPI,7875.66,INR,M590,Utility,IN,2026-01-24 11:06:43,APPROVED
b552315d-69f,ACC0011,CUST0042,DEBIT,IMPS,29276.63,INR,M167,Fuel,IN,2026-04-15 14:47:43,APPROVED
bf3e8bc1-879,ACC0077,CUST0068,DEBIT,NEFT,2098.06,INR,,,IN,2026-04-10 05:51:43,APPROVED
ff899406-af8,ACC0084,CUST0099,DEBIT,POS,2098.11,INR,M986,Fuel,IN,2026-03-14 15:06:43,APPROVED
5f8ed28c-274,ACC0094,CUST0013,DEBIT,IMPS,31850.85,INR,M420,Healthcare,IN,2026-02-17 00:37:43,APPROVED
84036811-bfb,ACC0011,CUST0012,DEBIT,IMPS,9425.29,INR,M862,Healthcare,IN,2026-02-07 09:15:43,APPROVED
498fda23-400,ACC0072,CUST0043,DEBIT,UPI,1474.08,INR,M520,Restaurant,UK,2026-02-04 04:19:43,APPROVED
870021d6-3a3,ACC0046,CUST0014,DEBIT,NEFT,6726.7,INR,,,IN,2026-03-14 10:19:43,APPROVED
a961f15f-5ac,ACC0072,CUST0048,DEBIT,POS,1487.53,INR,M385,Retail,IN,2026-04-13 02:30:43,APPROVED
7c3aeb73-76c,ACC0083,CUST0072,DEBIT,UPI,1482.38,INR,M773,Utility,IN,2026-03-14 05:05:43,APPROVED
9cf8a0c6-02e,ACC0045,CUST0001,DEBIT,NEFT,4285.29,INR,,,US,2026-01-21 16:33:43,APPROVED
6d4aba00-d77,ACC0004,CUST0012,CREDIT,ATM,169.03,INR,M320,Travel,IN,2026-04-12 23:20:43,APPROVED
76a1b2bd-112,ACC0100,CUST0073,DEBIT,NEFT,224.22,INR,,,IN,2026-03-02 16:39:43,APPROVED
7b2ea54a-523,ACC0011,CUST0035,DEBIT,UPI,1282.5,INR,M534,Travel,IN,2026-02-06 17:04:43,APPROVED
f94991c7-213,ACC0056,CUST0015,DEBIT,UPI,652.46,INR,M794,Retail,IN,2026-03-12 19:29:43,APPROVED
eb6dee16-8aa,ACC0077,CUST0008,DEBIT,ATM,4776.06,INR,M408,Fuel,IN,2026-04-13 20:18:43,APPROVED
0c65d3d8-045,ACC0096,CUST0056,DEBIT,POS,763.54,INR,M489,Retail,IN,2026-02-19 20:36:43,APPROVED
347b7ebe-e16,ACC0095,CUST0006,DEBIT,NEFT,358.36,INR,,,IN,2026-03-24 05:09:43,APPROVED
4fae2d6e-1bd,ACC0091,CUST0082,DEBIT,IMPS,26862.14,INR,M217,Travel,IN,2026-01-27 21:52:43,APPROVED
ebe5a4e9-ca9,ACC0089,CUST0047,DEBIT,UPI,2124.59,INR,M964,Grocery,IN,2026-02-28 17:07:43,APPROVED
4cabb39c-185,ACC0040,CUST0096,DEBIT,POS,3298.73,INR,M441,Utility,IN,2026-04-03 23:49:43,APPROVED
4448056b-1f8,ACC0100,CUST0045,DEBIT,UPI,351.73,INR,M938,Healthcare,IN,2026-03-25 07:23:43,APPROVED
37d2e3a4-4c1,ACC0078,CUST0020,CREDIT,NEFT,1317.41,INR,,,IN,2026-02-17 14:25:43,APPROVED
0ec2447b-6a5,ACC0098,CUST0075,DEBIT,IMPS,3520.59,INR,M678,Healthcare,IN,2026-02-10 07:47:43,APPROVED
c5aee684-552,ACC0009,CUST0061,DEBIT,NEFT,530.34,INR,,,IN,2026-04-07 22:11:43,APPROVED
c15280e2-3b6,ACC0040,CUST0060,DEBIT,NEFT,5237.22,INR,,,IN,2026-02-23 05:19:43,APPROVED
73216616-b00,ACC0065,CUST0050,DEBIT,POS,1210.81,INR,M667,Utility,IN,2026-02-23 13:57:43,APPROVED
223dfcde-7ff,ACC0042,CUST0078,DEBIT,UPI,1924.57,INR,M254,Grocery,IN,2026-01-24 02:14:43,APPROVED
1bfa66c8-287,ACC0006,CUST0032,CREDIT,UPI,1208.87,INR,M549,Retail,IN,2026-03-03 09:21:43,APPROVED
77a4f34d-60c,ACC0100,CUST0044,DEBIT,NEFT,47974.13,INR,,,IN,2026-02-07 22:39:43,APPROVED
c5aacfd5-930,ACC0072,CUST0087,DEBIT,POS,2921.21,INR,M358,Healthcare,IN,2026-04-09 07:37:43,APPROVED
28b6b8af-da4,ACC0019,CUST0045,DEBIT,POS,609.98,INR,M771,Healthcare,IN,2026-04-05 15:37:43,APPROVED
15be3a49-2d1,ACC0049,CUST0083,CREDIT,POS,10237.55,INR,M932,Fuel,IN,2026-02-04 07:01:43,APPROVED
3246049b-ac9,ACC0003,CUST0047,DEBIT,IMPS,477.58,INR,M319,Restaurant,IN,2026-04-16 03:21:43,DECLINED
9bab4b92-28e,ACC0038,CUST0013,DEBIT,ATM,4077.73,INR,M652,Utility,IN,2026-03-21 17:30:43,APPROVED
9e00d265-2d4,ACC0080,CUST0017,DEBIT,NEFT,157.67,INR,,,IN,2026-03-26 12:58:43,APPROVED
84f8d4f3-cc0,ACC0022,CUST0093,DEBIT,UPI,406.56,INR,M520,Restaurant,IN,2026-02-11 10:05:43,APPROVED
0e844246-6c6,ACC0058,CUST0030,DEBIT,NEFT,4004.97,INR,,,IN,2026-02-18 01:55:43,APPROVED
01527d33-0ac,ACC0060,CUST0099,DEBIT,UPI,9024.51,INR,M491,Retail,AE,2026-03-19 17:39:43,APPROVED
b6c1c8c7-092,ACC0033,CUST0007,DEBIT,UPI,3854.72,INR,M995,Restaurant,IN,2026-02-07 18:07:43,APPROVED
a484691b-c0a,ACC0037,CUST0011,CREDIT,UPI,2506.21,INR,M379,Travel,IN,2026-02-01 10:10:43,DECLINED
996c8eb9-8db,ACC0045,CUST0004,DEBIT,ATM,1897.6,INR,M505,Retail,IN,2026-02-06 00:21:43,APPROVED
293918b0-22d,ACC0013,CUST0092,DEBIT,ATM,324.48,INR,M910,Fuel,IN,2026-03-08 13:39:43,APPROVED
7c76cd3b-7db,ACC0061,CUST0058,DEBIT,ATM,1012.56,INR,M181,Grocery,IN,2026-02-24 03:00:43,APPROVED
6978e668-d11,ACC0015,CUST0100,DEBIT,UPI,1493.75,INR,M408,Grocery,IN,2026-02-07 05:02:43,APPROVED
a42beffb-976,ACC0015,CUST0064,DEBIT,UPI,14554.91,INR,M116,Healthcare,IN,2026-03-13 08:06:43,APPROVED
247caa79-b92,ACC0079,CUST0046,DEBIT,NEFT,4991.18,INR,,,IN,2026-02-18 09:25:43,APPROVED
86a42500-82c,ACC0009,CUST0068,DEBIT,UPI,211.76,INR,M905,Retail,SG,2026-04-14 08:21:43,APPROVED
06fd06ef-b09,ACC0033,CUST0096,DEBIT,IMPS,4847.05,INR,M907,Grocery,AE,2026-03-09 02:18:43,APPROVED
4919d2a0-f2d,ACC0043,CUST0018,DEBIT,UPI,1673.0,INR,M659,Restaurant,IN,2026-04-13 07:22:43,APPROVED
e61f583b-775,ACC0018,CUST0009,CREDIT,IMPS,1079.89,INR,M568,Grocery,IN,2026-02-10 08:45:43,APPROVED
ec2ff225-57a,ACC0040,CUST0066,DEBIT,POS,7461.52,INR,M934,Retail,IN,2026-01-23 18:12:43,APPROVED
5770dcf5-99f,ACC0100,CUST0007,CREDIT,NEFT,13995.61,INR,,,IN,2026-01-23 07:28:43,APPROVED
a3e671ea-770,ACC0050,CUST0044,TRANSFER,IMPS,12051.21,INR,M608,Healthcare,IN,2026-02-02 22:43:43,APPROVED
b73e9f3b-fcf,ACC0011,CUST0056,DEBIT,POS,846.55,INR,M942,Fuel,IN,2026-03-25 20:07:43,APPROVED
7e982c21-ec8,ACC0040,CUST0058,DEBIT,NEFT,1874.66,INR,,,IN,2026-02-28 14:21:43,APPROVED
1bb29e6c-5a5,ACC0046,CUST0079,TRANSFER,IMPS,4899.53,INR,M381,Healthcare,IN,2026-04-17 01:38:43,PENDING
6e862e34-01f,ACC0096,CUST0087,DEBIT,IMPS,12878.54,INR,M131,Fuel,IN,2026-01-25 13:58:43,APPROVED
937022fd-c55,ACC0100,CUST0083,DEBIT,ATM,1452.79,INR,M492,Retail,IN,2026-04-15 01:18:43,APPROVED
73c618a4-e34,ACC0098,CUST0010,DEBIT,NEFT,2256.37,INR,,,IN,2026-02-07 08:44:43,APPROVED
fbd838d7-117,ACC0015,CUST0004,CREDIT,NEFT,567.08,INR,,,IN,2026-03-09 21:57:43,APPROVED
11d333e4-595,ACC0091,CUST0058,DEBIT,NEFT,495.56,INR,,,IN,2026-03-09 04:23:43,APPROVED
01b4ecf0-5e9,ACC0010,CUST0058,DEBIT,POS,10084.84,INR,M830,Travel,IN,2026-04-17 02:28:43,PENDING
85961a56-00b,ACC0071,CUST0070,DEBIT,NEFT,22796.45,INR,,,IN,2026-04-15 21:58:43,APPROVED
728c4fb2-ec1,ACC0066,CUST0029,DEBIT,ATM,2675.75,INR,M305,Utility,IN,2026-02-08 10:01:43,APPROVED
1c4d80cf-5ed,ACC0060,CUST0071,DEBIT,UPI,13430.71,INR,M188,Grocery,IN,2026-03-22 11:39:43,APPROVED
f2215922-1ce,ACC0010,CUST0017,TRANSFER,IMPS,5127.91,INR,M757,Grocery,IN,2026-03-21 03:42:43,APPROVED
efa9bac9-a74,ACC0100,CUST0071,DEBIT,ATM,1132.66,INR,M286,Utility,IN,2026-04-16 03:38:43,DECLINED
66764464-591,ACC0067,CUST0020,DEBIT,POS,5126.06,INR,M265,Restaurant,IN,2026-03-15 04:14:43,DECLINED
e809a6f2-2be,ACC0033,CUST0026,DEBIT,NEFT,29943.12,INR,,,IN,2026-02-15 22:49:43,APPROVED
11f3eed2-0ff,ACC0065,CUST0083,DEBIT,UPI,2824.99,INR,M694,Fuel,IN,2026-02-04 07:35:43,APPROVED
71eec574-fb6,ACC0073,CUST0006,CREDIT,UPI,31162.34,INR,M129,Grocery,IN,2026-04-08 11:13:43,APPROVED
318b99dc-7f3,ACC0054,CUST0080,DEBIT,ATM,58.58,INR,M609,Healthcare,IN,2026-04-11 05:32:43,APPROVED
8b5cd6f4-bd0,ACC0088,CUST0052,DEBIT,ATM,10227.69,INR,M174,Healthcare,IN,2026-04-10 20:46:43,APPROVED
54bfa221-3d2,ACC0078,CUST0019,DEBIT,IMPS,3396.74,INR,M835,Restaurant,IN,2026-03-16 00:46:43,APPROVED
7394ad36-c0b,ACC0014,CUST0041,DEBIT,NEFT,1903.57,INR,,,IN,2026-03-03 23:24:43,APPROVED
46f58c9a-abf,ACC0050,CUST0079,DEBIT,POS,3420.84,INR,M986,Fuel,IN,2026-03-16 18:25:43,APPROVED
8fe74dd5-90b,ACC0064,CUST0066,DEBIT,ATM,151.21,INR,M415,Travel,IN,2026-04-02 10:36:43,APPROVED
aaa5c792-f20,ACC0046,CUST0007,DEBIT,ATM,2144.14,INR,M606,Retail,IN,2026-03-10 03:45:43,APPROVED
f1b3ad45-43a,ACC0014,CUST0056,DEBIT,NEFT,5093.24,INR,,,IN,2026-04-12 08:46:43,APPROVED
c464ffaa-017,ACC0073,CUST0072,DEBIT,POS,27360.1,INR,M666,Restaurant,IN,2026-03-05 23:39:43,APPROVED
05a325f8-271,ACC0080,CUST0088,DEBIT,UPI,1370.04,INR,M231,Grocery,IN,2026-03-24 02:04:43,APPROVED
d32a60cf-58a,ACC0066,CUST0052,DEBIT,ATM,886.48,INR,M146,Grocery,IN,2026-03-03 04:39:43,APPROVED
7a3c2cfe-f7b,ACC0066,CUST0018,DEBIT,IMPS,1404.4,INR,M727,Restaurant,IN,2026-03-02 02:49:43,APPROVED
7c02550d-0a7,ACC0065,CUST0066,DEBIT,NEFT,11767.58,INR,,,IN,2026-04-07 11:09:43,APPROVED
6608cc79-b95,ACC0087,CUST0015,TRANSFER,POS,4881.1,INR,M697,Restaurant,IN,2026-02-26 03:08:43,APPROVED
e30318ff-8c6,ACC0084,CUST0100,DEBIT,UPI,1346.63,INR,M333,Healthcare,IN,2026-04-17 07:17:43,APPROVED
0de1b8d8-8c2,ACC0049,CUST0019,CREDIT,UPI,6437.54,INR,M348,Grocery,IN,2026-03-20 16:49:43,APPROVED
5a9c894b-6e0,ACC0054,CUST0020,DEBIT,POS,3448.23,INR,M308,Travel,IN,2026-04-17 14:28:43,APPROVED
b1fa4a9f-650,ACC0067,CUST0027,DEBIT,POS,12745.93,INR,M778,Travel,IN,2026-04-07 03:11:43,APPROVED
b2958b37-298,ACC0046,CUST0087,CREDIT,UPI,1039.94,INR,M838,Healthcare,IN,2026-02-27 16:45:43,APPROVED
0c2c14d3-a3f,ACC0032,CUST0036,DEBIT,IMPS,1823.49,INR,M330,Restaurant,IN,2026-04-16 19:55:43,APPROVED
2012d220-663,ACC0045,CUST0072,TRANSFER,IMPS,1655.47,INR,M914,Healthcare,IN,2026-02-14 10:01:43,APPROVED
bc823f5c-1a5,ACC0051,CUST0045,TRANSFER,UPI,331.86,INR,M923,Fuel,IN,2026-02-03 05:59:43,APPROVED
be74fc90-fc2,ACC0084,CUST0033,CREDIT,NEFT,4647.94,INR,,,US,2026-02-24 09:21:43,APPROVED
eb69440b-a72,ACC0018,CUST0014,DEBIT,UPI,4409.79,INR,M700,Fuel,IN,2026-03-27 20:15:43,APPROVED
37f0731a-26b,ACC0053,CUST0043,CREDIT,ATM,3003.91,INR,M202,Healthcare,IN,2026-04-14 03:30:43,APPROVED
a2870cc4-257,ACC0061,CUST0062,DEBIT,ATM,2096.7,INR,M874,Restaurant,IN,2026-01-19 05:15:43,APPROVED
78242b56-ab8,ACC0030,CUST0069,CREDIT,POS,356.72,INR,M970,Grocery,IN,2026-04-10 13:14:43,DECLINED
accfc05b-388,ACC0005,CUST0051,CREDIT,ATM,1586.1,INR,M290,Healthcare,US,2026-02-10 01:12:43,DECLINED
1016b441-bde,ACC0014,CUST0043,DEBIT,NEFT,1782.78,INR,,,IN,2026-02-24 12:16:43,PENDING
514aa182-a9a,ACC0060,CUST0035,DEBIT,ATM,894.79,INR,M215,Restaurant,IN,2026-03-29 03:47:43,APPROVED
f3aecff9-435,ACC0044,CUST0038,DEBIT,ATM,2340.39,INR,M875,Fuel,IN,2026-03-18 07:32:43,APPROVED
e34579a7-92c,ACC0012,CUST0052,DEBIT,IMPS,5464.76,INR,M289,Fuel,IN,2026-04-10 00:08:43,APPROVED
61787f3a-254,ACC0097,CUST0035,TRANSFER,IMPS,50477.29,INR,M409,Retail,IN,2026-02-18 11:32:43,APPROVED
b4a2e930-df3,ACC0008,CUST0086,DEBIT,NEFT,3873.32,INR,,,IN,2026-01-19 19:57:43,APPROVED
8e21397c-b65,ACC0082,CUST0038,DEBIT,NEFT,4386.67,INR,,,IN,2026-03-11 08:48:43,APPROVED
7614c519-b97,ACC0078,CUST0048,DEBIT,IMPS,2665.99,INR,M662,Travel,IN,2026-02-05 02:25:43,APPROVED
8016aaeb-a21,ACC0077,CUST0011,DEBIT,ATM,167.64,INR,M640,Healthcare,IN,2026-04-13 18:04:43,APPROVED
ff47916a-f29,ACC0026,CUST0074,DEBIT,UPI,2864.73,INR,M268,Restaurant,US,2026-03-31 14:19:43,APPROVED
a69f0681-a8e,ACC0063,CUST0012,CREDIT,ATM,3262.81,INR,M556,Utility,IN,2026-03-15 14:59:43,APPROVED
7ce85f8b-f00,ACC0072,CUST0060,DEBIT,IMPS,119953.95,INR,M415,Healthcare,IN,2026-02-04 03:42:43,APPROVED
86ef6c59-a16,ACC0006,CUST0055,DEBIT,ATM,2233.8,INR,M165,Retail,IN,2026-02-19 12:03:43,PENDING
481839f5-bed,ACC0099,CUST0018,CREDIT,NEFT,4685.94,INR,,,IN,2026-01-27 02:18:43,PENDING
255cf307-450,ACC0049,CUST0049,DEBIT,IMPS,2829.72,INR,M777,Utility,IN,2026-04-11 00:39:43,APPROVED
0c50b2e4-2ef,ACC0051,CUST0068,DEBIT,ATM,516.45,INR,M328,Utility,AE,2026-04-11 22:23:43,APPROVED
0dc1e192-ffc,ACC0049,CUST0030,DEBIT,UPI,16551.54,INR,M454,Fuel,IN,2026-01-20 20:45:43,APPROVED
310af998-2ea,ACC0003,CUST0031,DEBIT,IMPS,9208.66,INR,M203,Retail,IN,2026-02-01 13:07:43,APPROVED
29dfb71f-76f,ACC0006,CUST0052,DEBIT,POS,9764.88,INR,M652,Fuel,IN,2026-04-05 09:01:43,APPROVED
f65287ec-011,ACC0094,CUST0074,DEBIT,NEFT,761.98,INR,,,IN,2026-01-25 15:48:43,APPROVED
1dde8e51-ab5,ACC0085,CUST0067,DEBIT,NEFT,24445.26,INR,,,IN,2026-04-14 21:31:43,APPROVED
8c12cc36-96b,ACC0055,CUST0072,DEBIT,ATM,364.03,INR,M452,Healthcare,IN,2026-01-26 04:53:43,APPROVED
ff455637-067,ACC0039,CUST0049,DEBIT,IMPS,7188.84,INR,M650,Travel,IN,2026-03-26 22:00:43,APPROVED
c281c00c-a7c,ACC0008,CUST0072,DEBIT,ATM,79672.79,INR,M526,Retail,IN,2026-02-15 21:10:43,APPROVED
a87383c1-a79,ACC0011,CUST0058,CREDIT,ATM,674.65,INR,M194,Retail,IN,2026-03-08 18:32:43,APPROVED
dd947b29-904,ACC0078,CUST0006,CREDIT,IMPS,1274.81,INR,M292,Utility,IN,2026-02-11 12:33:43,APPROVED
aa4241ca-75a,ACC0043,CUST0039,TRANSFER,IMPS,3461.57,INR,M115,Fuel,IN,2026-04-14 04:29:43,DECLINED
08ba3312-2db,ACC0090,CUST0078,CREDIT,IMPS,1400.78,INR,M506,Fuel,US,2026-02-03 11:04:43,APPROVED
43ee4c9c-452,ACC0040,CUST0034,DEBIT,UPI,291.2,INR,M609,Travel,IN,2026-02-23 23:45:43,APPROVED
229547e7-06d,ACC0053,CUST0006,DEBIT,ATM,3303.85,INR,M326,Healthcare,IN,2026-03-19 22:14:43,APPROVED
98d50fa7-987,ACC0054,CUST0038,DEBIT,UPI,605.8,INR,M437,Fuel,IN,2026-02-21 05:15:43,APPROVED
a3624297-010,ACC0063,CUST0093,DEBIT,NEFT,6065.6,INR,,,IN,2026-02-19 02:51:43,APPROVED
fea4b97b-90a,ACC0093,CUST0070,DEBIT,NEFT,750.59,INR,,,IN,2026-02-09 11:06:43,DECLINED
b5c25619-ab9,ACC0010,CUST0086,DEBIT,UPI,30482.3,INR,M106,Travel,IN,2026-03-29 07:19:43,APPROVED
0924bcdc-36a,ACC0065,CUST0059,DEBIT,ATM,920.69,INR,M732,Healthcare,IN,2026-04-08 18:20:43,APPROVED
914070f8-014,ACC0069,CUST0071,DEBIT,IMPS,1838.87,INR,M117,Retail,IN,2026-04-07 02:58:43,APPROVED
96f3b229-ba4,ACC0087,CUST0056,CREDIT,UPI,10099.85,INR,M283,Grocery,IN,2026-03-27 20:17:43,DECLINED
687ce66e-0a8,ACC0033,CUST0046,DEBIT,ATM,470.46,INR,M506,Grocery,IN,2026-03-26 15:31:43,APPROVED
21198085-1e0,ACC0029,CUST0039,DEBIT,ATM,4193.08,INR,M968,Grocery,AE,2026-03-11 01:52:43,APPROVED
eaffc168-108,ACC0071,CUST0061,DEBIT,IMPS,21177.91,INR,M109,Healthcare,IN,2026-04-11 12:21:43,APPROVED
ed9ccd75-058,ACC0013,CUST0068,TRANSFER,NEFT,267.41,INR,,,IN,2026-03-23 00:57:43,APPROVED
d15c3306-355,ACC0010,CUST0088,TRANSFER,NEFT,3932.19,INR,,,IN,2026-04-17 05:46:43,APPROVED
300dad71-a27,ACC0041,CUST0003,TRANSFER,ATM,4402.04,INR,M701,Fuel,US,2026-04-01 08:18:43,APPROVED
9254ffeb-1ca,ACC0073,CUST0050,DEBIT,ATM,9630.92,INR,M653,Restaurant,IN,2026-03-09 13:35:43,APPROVED
8e85e901-df9,ACC0045,CUST0007,DEBIT,POS,466.18,INR,M337,Utility,IN,2026-02-05 10:02:43,APPROVED
35f0cb86-55f,ACC0042,CUST0004,DEBIT,IMPS,411.3,INR,M902,Travel,SG,2026-04-06 06:54:43,APPROVED
b6c92cfc-033,ACC0075,CUST0085,DEBIT,IMPS,6521.84,INR,M890,Retail,IN,2026-03-05 04:40:43,APPROVED
0a69d1be-48a,ACC0049,CUST0092,CREDIT,POS,4653.98,INR,M257,Healthcare,IN,2026-02-19 09:20:43,APPROVED
d06a5e0f-ca8,ACC0057,CUST0047,CREDIT,POS,4340.48,INR,M204,Fuel,UK,2026-03-05 14:21:43,APPROVED
4c392ac3-147,ACC0014,CUST0004,DEBIT,UPI,5012.41,INR,M667,Grocery,IN,2026-03-15 01:51:43,APPROVED
88dddaeb-a58,ACC0100,CUST0011,CREDIT,NEFT,1074.88,INR,,,IN,2026-02-28 23:16:43,APPROVED
4bb20a43-e86,ACC0022,CUST0018,DEBIT,ATM,4223.34,INR,M374,Travel,IN,2026-02-19 05:49:43,APPROVED
b5eb1560-e7e,ACC0010,CUST0047,DEBIT,IMPS,4626.74,INR,M352,Healthcare,IN,2026-02-09 00:33:43,APPROVED
31e59f1c-be0,ACC0039,CUST0001,TRANSFER,IMPS,1020.93,INR,M440,Utility,IN,2026-04-05 06:28:43,APPROVED
e888fb21-8f8,ACC0084,CUST0077,DEBIT,IMPS,48955.24,INR,M428,Retail,IN,2026-03-02 01:37:43,DECLINED
b1b60fae-62d,ACC0041,CUST0038,CREDIT,ATM,6067.79,INR,M748,Travel,SG,2026-02-13 02:36:43,DECLINED
4fa9c3d5-24e,ACC0051,CUST0047,DEBIT,NEFT,499.22,INR,,,IN,2026-02-18 21:40:43,APPROVED
6ed050cf-8c4,ACC0094,CUST0060,TRANSFER,UPI,7981.09,INR,M314,Travel,IN,2026-04-04 04:27:43,APPROVED
2bf4e5c8-99d,ACC0018,CUST0082,DEBIT,IMPS,690.89,INR,M358,Healthcare,IN,2026-04-16 14:08:43,APPROVED
5fbcbb09-a64,ACC0062,CUST0075,DEBIT,IMPS,9707.24,INR,M618,Utility,AE,2026-03-13 23:20:43,APPROVED
7d9bc36d-8bf,ACC0069,CUST0077,DEBIT,NEFT,16947.8,INR,,,IN,2026-03-28 13:06:43,APPROVED
329593c5-d69,ACC0079,CUST0006,DEBIT,NEFT,870.42,INR,,,IN,2026-02-19 08:58:43,APPROVED
37135647-5ee,ACC0056,CUST0014,DEBIT,NEFT,12645.59,INR,,,SG,2026-04-11 00:04:43,APPROVED
fc5ca70c-f9c,ACC0074,CUST0029,DEBIT,UPI,5536.8,INR,M500,Travel,IN,2026-03-25 10:49:43,APPROVED
bb3bed58-a11,ACC0004,CUST0062,DEBIT,ATM,10230.11,INR,M525,Grocery,IN,2026-04-04 09:48:43,APPROVED
2f669650-39f,ACC0027,CUST0067,DEBIT,NEFT,51286.84,INR,,,IN,2026-02-05 22:35:43,APPROVED
4fb12f36-c76,ACC0039,CUST0006,CREDIT,IMPS,2063.0,INR,M217,Grocery,IN,2026-03-16 11:00:43,APPROVED
16078c6f-8fb,ACC0095,CUST0032,DEBIT,ATM,962.37,INR,M665,Fuel,US,2026-04-10 14:59:43,APPROVED
ba2a84e0-36d,ACC0024,CUST0082,DEBIT,IMPS,785.04,INR,M505,Grocery,IN,2026-03-14 01:30:43,APPROVED
47ae2cbd-06c,ACC0091,CUST0028,DEBIT,IMPS,876.8,INR,M870,Healthcare,IN,2026-02-13 01:53:43,APPROVED
a88fd553-5d6,ACC0042,CUST0026,DEBIT,UPI,2655.39,INR,M368,Healthcare,IN,2026-01-27 05:22:43,APPROVED
2735c31b-c6e,ACC0051,CUST0076,DEBIT,UPI,4972.75,INR,M460,Utility,IN,2026-03-27 07:36:43,APPROVED
3e2ef946-5bd,ACC0076,CUST0011,DEBIT,NEFT,4514.44,INR,,,US,2026-02-10 09:01:43,APPROVED
c0d3f282-840,ACC0019,CUST0066,DEBIT,ATM,10309.02,INR,M710,Fuel,IN,2026-02-17 20:23:43,APPROVED
c5dbbc56-4d7,ACC0083,CUST0023,DEBIT,UPI,3039.67,INR,M601,Restaurant,IN,2026-03-13 16:47:43,APPROVED
444ce251-716,ACC0002,CUST0063,DEBIT,POS,26378.41,INR,M934,Travel,IN,2026-02-28 01:55:43,DECLINED
fa1d7d96-0de,ACC0054,CUST0091,CREDIT,IMPS,2004.23,INR,M600,Fuel,IN,2026-03-24 07:47:43,APPROVED
a6057dcc-1c2,ACC0069,CUST0037,DEBIT,POS,176354.91,INR,M568,Retail,IN,2026-01-21 18:34:43,APPROVED
3a0aa9f0-9c3,ACC0035,CUST0100,DEBIT,POS,7619.77,INR,M475,Retail,IN,2026-03-23 04:48:43,APPROVED
bb5d308e-33b,ACC0055,CUST0014,CREDIT,UPI,824.08,INR,M769,Utility,IN,2026-01-24 10:44:43,APPROVED
fd2f7665-028,ACC0012,CUST0057,CREDIT,NEFT,598.04,INR,,,IN,2026-01-23 01:32:43,APPROVED
eaf3f76d-b5e,ACC0091,CUST0079,DEBIT,UPI,6146.93,INR,M269,Retail,IN,2026-02-17 18:07:43,APPROVED
aade8c40-60d,ACC0069,CUST0036,DEBIT,POS,2131.98,INR,M272,Restaurant,IN,2026-02-13 18:07:43,PENDING
f4e967b0-e7e,ACC0066,CUST0087,CREDIT,NEFT,8699.33,INR,,,UK,2026-02-24 20:52:43,APPROVED
2e83b22f-7ee,ACC0017,CUST0032,DEBIT,ATM,6062.37,INR,M429,Utility,IN,2026-03-11 12:33:43,APPROVED
7b4e2171-a5f,ACC0035,CUST0081,DEBIT,ATM,2672.47,INR,M562,Grocery,IN,2026-04-14 23:47:43,APPROVED
8f26244f-4c2,ACC0048,CUST0059,TRANSFER,NEFT,836.99,INR,,,IN,2026-01-29 23:48:43,APPROVED
6236bf07-639,ACC0090,CUST0046,CREDIT,IMPS,307.27,INR,M914,Retail,IN,2026-01-19 10:21:43,APPROVED
9a2225a5-d56,ACC0037,CUST0044,DEBIT,NEFT,1525.73,INR,,,IN,2026-03-13 17:47:43,APPROVED
f1c0ef06-3a9,ACC0081,CUST0059,DEBIT,POS,10770.84,INR,M978,Fuel,IN,2026-03-21 22:13:43,APPROVED
4646cf0d-2d5,ACC0039,CUST0021,CREDIT,ATM,4109.85,INR,M997,Restaurant,IN,2026-01-19 00:28:43,APPROVED
aea82f38-9f4,ACC0084,CUST0022,DEBIT,NEFT,460.08,INR,,,IN,2026-03-05 19:21:43,APPROVED
08ce9815-d22,ACC0001,CUST0028,DEBIT,POS,3865.21,INR,M235,Retail,IN,2026-04-17 18:43:43,APPROVED
415ac12a-3b8,ACC0016,CUST0055,DEBIT,POS,5313.34,INR,M589,Grocery,IN,2026-04-16 01:16:43,APPROVED
50501eea-231,ACC0048,CUST0039,DEBIT,POS,791.72,INR,M892,Utility,IN,2026-01-30 11:07:43,APPROVED
d0b9cb17-ee4,ACC0073,CUST0002,DEBIT,ATM,3754.04,INR,M268,Travel,IN,2026-02-05 07:59:43,APPROVED
b0596a0c-088,ACC0079,CUST0088,DEBIT,ATM,3252.94,INR,M322,Grocery,US,2026-02-15 08:03:43,APPROVED
58e745ca-681,ACC0055,CUST0041,CREDIT,IMPS,536.76,INR,M353,Restaurant,IN,2026-02-04 14:53:43,APPROVED
706ade9b-9df,ACC0037,CUST0100,TRANSFER,UPI,5098.39,INR,M127,Utility,IN,2026-02-19 04:54:43,APPROVED
3713279e-13a,ACC0096,CUST0051,DEBIT,UPI,6913.12,INR,M155,Utility,IN,2026-02-25 17:49:43,APPROVED
47b89b96-439,ACC0082,CUST0077,DEBIT,POS,15132.15,INR,M112,Restaurant,IN,2026-02-18 02:40:43,DECLINED
e217a97a-8de,ACC0070,CUST0088,DEBIT,UPI,14482.6,INR,M582,Utility,IN,2026-02-04 00:11:43,APPROVED
b7e9f3a3-215,ACC0008,CUST0051,DEBIT,NEFT,377.47,INR,,,IN,2026-04-03 13:16:43,APPROVED
159984e9-d39,ACC0069,CUST0069,DEBIT,IMPS,730.16,INR,M384,Grocery,IN,2026-03-24 00:43:43,APPROVED
97b60520-b2c,ACC0051,CUST0076,DEBIT,ATM,6454.63,INR,M954,Healthcare,IN,2026-03-24 18:07:43,APPROVED
c68df6ae-b7f,ACC0031,CUST0008,DEBIT,IMPS,6442.54,INR,M544,Grocery,IN,2026-01-26 21:00:43,APPROVED
3705b851-0d1,ACC0091,CUST0018,CREDIT,ATM,6454.75,INR,M267,Travel,IN,2026-04-05 12:35:43,DECLINED
e5ac1fc8-d89,ACC0035,CUST0094,CREDIT,ATM,44225.4,INR,M889,Grocery,IN,2026-02-20 16:39:43,APPROVED
6e0bdf26-763,ACC0074,CUST0081,DEBIT,POS,7018.72,INR,M566,Retail,IN,2026-03-13 19:49:43,APPROVED
aa68cff8-38c,ACC0099,CUST0014,CREDIT,NEFT,16372.34,INR,,,IN,2026-03-23 05:26:43,APPROVED
e9936d41-c9b,ACC0002,CUST0032,DEBIT,UPI,12469.02,INR,M472,Travel,IN,2026-02-01 19:03:43,DECLINED
f026a43c-c66,ACC0032,CUST0054,TRANSFER,IMPS,7919.53,INR,M427,Restaurant,IN,2026-02-09 12:51:43,APPROVED
ebc412f3-982,ACC0007,CUST0023,DEBIT,UPI,1857.7,INR,M628,Grocery,IN,2026-04-01 22:23:43,DECLINED
7fc00f48-abb,ACC0040,CUST0042,DEBIT,NEFT,9306.36,INR,,,IN,2026-01-27 02:11:43,APPROVED
76388361-3c8,ACC0095,CUST0080,DEBIT,UPI,935.2,INR,M477,Retail,IN,2026-03-06 17:34:43,PENDING
8c4f5ef6-46e,ACC0032,CUST0020,DEBIT,UPI,2089.69,INR,M519,Grocery,IN,2026-02-13 11:13:43,APPROVED
06f092d2-b32,ACC0001,CUST0098,DEBIT,POS,1439.36,INR,M969,Healthcare,UK,2026-03-04 08:09:43,APPROVED
89d1da33-fe1,ACC0008,CUST0019,CREDIT,ATM,3370.48,INR,M195,Grocery,IN,2026-01-31 17:49:43,DECLINED
c97e6ab8-4a2,ACC0096,CUST0011,DEBIT,NEFT,95988.9,INR,,,IN,2026-03-26 01:00:43,APPROVED
c28bd9f6-6fc,ACC0056,CUST0085,TRANSFER,UPI,181.11,INR,M342,Restaurant,IN,2026-04-09 23:20:43,APPROVED
cace2a71-f4b,ACC0035,CUST0030,DEBIT,NEFT,8344.77,INR,,,IN,2026-02-28 00:00:43,APPROVED
316cd1b4-705,ACC0060,CUST0041,DEBIT,POS,265.32,INR,M648,Restaurant,IN,2026-04-02 14:25:43,DECLINED
e8311fb3-c28,ACC0016,CUST0012,DEBIT,IMPS,1468.65,INR,M802,Restaurant,IN,2026-02-14 01:35:43,APPROVED
b50a1726-b56,ACC0042,CUST0019,DEBIT,ATM,15266.65,INR,M354,Restaurant,IN,2026-04-18 06:18:43,APPROVED
51741a81-603,ACC0023,CUST0004,TRANSFER,NEFT,3282.7,INR,,,IN,2026-01-25 08:35:43,APPROVED
1a24cae2-401,ACC0014,CUST0018,DEBIT,ATM,591.93,INR,M163,Utility,IN,2026-03-31 10:51:43,APPROVED
9b0e7a28-6a9,ACC0081,CUST0083,DEBIT,IMPS,1019.48,INR,M700,Restaurant,IN,2026-02-15 15:28:43,DECLINED
e326def9-af4,ACC0057,CUST0017,DEBIT,ATM,8261.79,INR,M967,Utility,US,2026-01-27 11:20:43,APPROVED
1b4a475e-910,ACC0074,CUST0056,CREDIT,POS,996.7,INR,M504,Travel,IN,2026-02-02 12:45:43,APPROVED
13e837c2-17d,ACC0024,CUST0036,DEBIT,NEFT,4124.45,INR,,,IN,2026-04-16 00:27:43,APPROVED
36700687-17f,ACC0038,CUST0064,DEBIT,UPI,3191.86,INR,M663,Travel,IN,2026-01-23 06:55:43,APPROVED
abb821cf-3fc,ACC0068,CUST0032,DEBIT,IMPS,1121.7,INR,M921,Retail,IN,2026-02-22 23:24:43,APPROVED
cbeb7c6c-e38,ACC0063,CUST0045,TRANSFER,IMPS,74303.71,INR,M614,Restaurant,IN,2026-03-08 09:38:43,APPROVED
8d2f663b-973,ACC0100,CUST0036,DEBIT,UPI,7714.67,INR,M583,Retail,IN,2026-02-10 11:36:43,APPROVED
302cbd0c-d08,ACC0031,CUST0035,DEBIT,POS,142.92,INR,M910,Healthcare,IN,2026-04-02 18:26:43,APPROVED
db9f73bd-40d,ACC0023,CUST0023,DEBIT,IMPS,3942.94,INR,M425,Utility,IN,2026-02-16 06:10:43,APPROVED
c4e17498-018,ACC0073,CUST0019,DEBIT,NEFT,1104.69,INR,,,UK,2026-03-05 05:17:43,APPROVED
804f29bc-141,ACC0012,CUST0008,DEBIT,ATM,10706.97,INR,M324,Grocery,IN,2026-03-23 04:35:43,APPROVED
f00b6312-ce8,ACC0017,CUST0044,CREDIT,UPI,907.98,INR,M921,Utility,IN,2026-01-18 22:14:43,APPROVED
bb7a15b6-186,ACC0019,CUST0100,DEBIT,UPI,2509.64,INR,M638,Utility,IN,2026-01-25 11:25:43,APPROVED
ede933a2-6e5,ACC0044,CUST0039,DEBIT,IMPS,6358.07,INR,M261,Healthcare,IN,2026-01-27 23:01:43,DECLINED
0238e778-68d,ACC0072,CUST0089,CREDIT,NEFT,10923.07,INR,,,IN,2026-04-10 02:57:43,APPROVED
3a06e862-78c,ACC0049,CUST0040,CREDIT,UPI,492.53,INR,M401,Fuel,IN,2026-03-04 18:58:43,APPROVED
ba38479c-db8,ACC0099,CUST0073,DEBIT,IMPS,1804.88,INR,M716,Restaurant,IN,2026-01-19 09:52:43,DECLINED
d95ef8c0-7dd,ACC0064,CUST0019,DEBIT,UPI,1462.03,INR,M179,Fuel,IN,2026-04-06 18:56:43,APPROVED
c6d92c79-cc4,ACC0086,CUST0082,CREDIT,POS,1118.79,INR,M443,Travel,IN,2026-02-27 16:56:43,APPROVED
1d9c3f19-976,ACC0014,CUST0093,DEBIT,POS,42115.93,INR,M495,Travel,IN,2026-02-13 19:00:43,APPROVED
875ea40d-974,ACC0049,CUST0013,CREDIT,IMPS,5472.4,INR,M907,Utility,IN,2026-02-09 00:47:43,APPROVED
87519131-3c2,ACC0005,CUST0038,DEBIT,IMPS,449.74,INR,M367,Grocery,IN,2026-04-15 18:26:43,APPROVED
887c3ab4-bdd,ACC0012,CUST0044,DEBIT,POS,11811.07,INR,M728,Travel,IN,2026-02-08 23:26:43,APPROVED
f8ef7fb9-c30,ACC0021,CUST0007,DEBIT,UPI,71914.58,INR,M310,Fuel,IN,2026-03-15 07:26:43,APPROVED
69ebaa87-dfc,ACC0037,CUST0039,DEBIT,UPI,14026.42,INR,M150,Travel,IN,2026-03-30 11:15:43,APPROVED
62dc9ce5-0c7,ACC0012,CUST0038,CREDIT,NEFT,305.19,INR,,,IN,2026-03-21 15:19:43,APPROVED
d5849f14-8c1,ACC0082,CUST0038,TRANSFER,POS,1441.8,INR,M584,Utility,IN,2026-03-20 17:22:43,APPROVED
c45870e1-651,ACC0070,CUST0050,DEBIT,NEFT,19937.68,INR,,,IN,2026-03-10 02:47:43,APPROVED
2c1579e3-b02,ACC0060,CUST0034,DEBIT,POS,1031.22,INR,M375,Retail,IN,2026-03-06 16:44:43,APPROVED
65f995e5-1d2,ACC0070,CUST0053,TRANSFER,POS,5800.67,INR,M703,Fuel,IN,2026-04-18 08:22:43,APPROVED
17748141-cb5,ACC0061,CUST0074,CREDIT,UPI,9527.63,INR,M587,Restaurant,IN,2026-03-09 03:42:43,APPROVED
ad09215b-3bb,ACC0087,CUST0080,DEBIT,UPI,742.19,INR,M875,Travel,IN,2026-01-23 03:52:43,APPROVED
09605da0-b09,ACC0055,CUST0011,TRANSFER,ATM,2726.33,INR,M545,Fuel,IN,2026-02-08 18:07:43,PENDING
457e1f28-bc7,ACC0094,CUST0009,DEBIT,UPI,50.0,INR,M669,Travel,IN,2026-04-08 16:09:43,APPROVED
5f5678b9-93d,ACC0080,CUST0076,DEBIT,POS,641.25,INR,M529,Grocery,IN,2026-02-23 03:45:43,APPROVED
cef9427c-950,ACC0013,CUST0014,DEBIT,UPI,2040.9,INR,M203,Utility,IN,2026-02-06 05:53:43,APPROVED
6a9652cd-6e5,ACC0084,CUST0063,DEBIT,IMPS,458.67,INR,M584,Grocery,IN,2026-03-27 23:12:43,APPROVED
3d40d834-813,ACC0052,CUST0005,DEBIT,UPI,34496.63,INR,M439,Healthcare,IN,2026-03-10 15:55:43,APPROVED
53868989-8a8,ACC0039,CUST0040,DEBIT,NEFT,348.9,INR,,,IN,2026-03-19 20:13:43,APPROVED
557fa76e-7f9,ACC0096,CUST0057,CREDIT,ATM,1540.61,INR,M428,Restaurant,IN,2026-04-18 08:22:43,APPROVED
3375f594-16f,ACC0053,CUST0095,DEBIT,ATM,3626.82,INR,M628,Utility,IN,2026-04-06 07:21:43,APPROVED
2645dadc-4cc,ACC0091,CUST0065,DEBIT,ATM,25897.71,INR,M899,Utility,IN,2026-01-26 04:06:43,APPROVED
21a78b45-9f7,ACC0026,CUST0008,DEBIT,ATM,345.92,INR,M567,Grocery,IN,2026-03-31 11:27:43,DECLINED
113ed791-33e,ACC0082,CUST0016,DEBIT,IMPS,17064.33,INR,M347,Restaurant,IN,2026-02-12 19:39:43,APPROVED
2269492d-179,ACC0045,CUST0045,DEBIT,IMPS,3027.07,INR,M364,Healthcare,IN,2026-03-16 17:11:43,APPROVED
2e7fdb88-703,ACC0074,CUST0100,TRANSFER,IMPS,683.85,INR,M977,Fuel,IN,2026-01-29 20:17:43,APPROVED
8274786d-d3e,ACC0100,CUST0099,DEBIT,IMPS,5961.96,INR,M585,Fuel,IN,2026-04-14 17:33:43,APPROVED
3204d436-545,ACC0040,CUST0092,TRANSFER,NEFT,4018.2,INR,,,IN,2026-04-04 11:30:43,APPROVED
f0dd5560-b26,ACC0028,CUST0060,DEBIT,NEFT,1211.57,INR,,,IN,2026-03-14 00:10:43,APPROVED
bd42088a-1b2,ACC0085,CUST0048,DEBIT,POS,3310.0,INR,M708,Retail,IN,2026-04-07 23:53:43,APPROVED
e7a82d54-00e,ACC0036,CUST0082,DEBIT,POS,1672.42,INR,M383,Restaurant,IN,2026-04-15 14:46:43,APPROVED
74082279-185,ACC0031,CUST0008,CREDIT,ATM,3534.32,INR,M921,Utility,IN,2026-04-11 20:28:43,APPROVED
6edbe6f3-280,ACC0084,CUST0064,TRANSFER,ATM,8048.14,INR,M365,Travel,IN,2026-04-12 21:59:43,APPROVED
815fb26d-7d0,ACC0044,CUST0093,CREDIT,UPI,32177.58,INR,M802,Retail,IN,2026-01-23 06:01:43,APPROVED
c9bd0650-952,ACC0022,CUST0085,CREDIT,UPI,465.58,INR,M285,Restaurant,IN,2026-03-20 08:38:43,APPROVED
d38297c7-529,ACC0024,CUST0088,CREDIT,UPI,73097.55,INR,M770,Grocery,IN,2026-02-04 10:32:43,APPROVED
145f2806-32a,ACC0043,CUST0048,DEBIT,NEFT,159.47,INR,,,IN,2026-02-16 11:11:43,APPROVED
6cc0431d-1f1,ACC0080,CUST0010,DEBIT,UPI,2373.98,INR,M299,Retail,IN,2026-02-03 02:19:43,APPROVED
866a29b7-f37,ACC0020,CUST0018,TRANSFER,NEFT,7204.61,INR,,,IN,2026-04-15 23:49:43,APPROVED
81d2f724-fd3,ACC0024,CUST0100,DEBIT,NEFT,4543.66,INR,,,IN,2026-04-01 01:25:43,APPROVED
1414b64d-94f,ACC0036,CUST0027,CREDIT,POS,1171.4,INR,M272,Retail,IN,2026-02-09 21:56:43,APPROVED
a472e222-103,ACC0055,CUST0052,DEBIT,UPI,2181.61,INR,M588,Travel,IN,2026-03-21 13:24:43,APPROVED
c897340e-35b,ACC0042,CUST0097,CREDIT,NEFT,1422.97,INR,,,UK,2026-03-27 18:02:43,APPROVED
68f2d4b8-d0c,ACC0045,CUST0040,DEBIT,ATM,1231.46,INR,M492,Retail,IN,2026-04-14 11:56:43,APPROVED
27c639ed-5e4,ACC0038,CUST0059,CREDIT,POS,10661.59,INR,M710,Retail,IN,2026-02-08 14:08:43,APPROVED
3d48cc85-b5d,ACC0025,CUST0022,TRANSFER,IMPS,5092.5,INR,M931,Travel,IN,2026-04-15 15:37:43,APPROVED
5bb113e8-e05,ACC0076,CUST0065,DEBIT,ATM,1054.3,INR,M475,Healthcare,IN,2026-02-16 10:24:43,APPROVED
a07a6cb5-38d,ACC0080,CUST0007,DEBIT,NEFT,11491.92,INR,,,IN,2026-01-23 00:12:43,APPROVED
168f1503-d18,ACC0015,CUST0054,DEBIT,POS,4726.54,INR,M226,Retail,IN,2026-02-01 08:09:43,APPROVED
080aebe1-11d,ACC0085,CUST0013,DEBIT,POS,10089.93,INR,M376,Retail,IN,2026-04-17 15:29:43,APPROVED
b507fff7-43c,ACC0080,CUST0016,DEBIT,POS,7665.18,INR,M903,Grocery,IN,2026-02-05 01:09:43,APPROVED
c56cdd09-d4d,ACC0026,CUST0046,CREDIT,NEFT,859.63,INR,,,IN,2026-04-05 18:05:43,APPROVED
6f0f9e85-592,ACC0062,CUST0043,DEBIT,ATM,1286.56,INR,M113,Healthcare,IN,2026-01-24 04:47:43,APPROVED
b848fd82-9c5,ACC0012,CUST0100,DEBIT,IMPS,9144.8,INR,M840,Healthcare,IN,2026-02-02 05:58:43,APPROVED
d8d4ea08-d16,ACC0038,CUST0034,DEBIT,IMPS,7446.92,INR,M202,Utility,AE,2026-02-20 07:30:43,APPROVED
ca7d936f-bd7,ACC0015,CUST0013,CREDIT,NEFT,2888.95,INR,,,IN,2026-01-23 20:39:43,APPROVED
650590a1-254,ACC0057,CUST0080,DEBIT,ATM,3554.58,INR,M850,Grocery,IN,2026-01-19 15:58:43,APPROVED
f4d231f8-2d3,ACC0059,CUST0035,CREDIT,IMPS,20261.9,INR,M806,Utility,IN,2026-03-02 16:23:43,APPROVED
7b4f2399-681,ACC0090,CUST0093,DEBIT,ATM,1227.39,INR,M964,Fuel,IN,2026-03-13 08:12:43,APPROVED
66493e6e-157,ACC0024,CUST0079,DEBIT,UPI,6772.64,INR,M467,Retail,IN,2026-04-04 03:07:43,APPROVED
d8df35bd-948,ACC0063,CUST0015,CREDIT,ATM,2201.1,INR,M551,Grocery,IN,2026-04-16 11:13:43,APPROVED
e114154a-b2d,ACC0074,CUST0093,DEBIT,UPI,2150.55,INR,M785,Utility,IN,2026-04-11 21:16:43,APPROVED
e36c5829-72d,ACC0085,CUST0094,DEBIT,UPI,15493.34,INR,M454,Healthcare,IN,2026-03-26 10:00:43,APPROVED
8ab6b42f-03b,ACC0079,CUST0007,DEBIT,UPI,10281.74,INR,M260,Retail,IN,2026-03-08 16:09:43,APPROVED
ae2f7f8a-d26,ACC0043,CUST0036,DEBIT,IMPS,10099.73,INR,M328,Retail,IN,2026-03-22 16:20:43,APPROVED
5f189195-844,ACC0074,CUST0058,DEBIT,IMPS,21125.12,INR,M610,Travel,IN,2026-03-10 18:21:43,APPROVED
e47e63a3-75c,ACC0053,CUST0005,DEBIT,POS,3076.37,INR,M100,Utility,IN,2026-03-23 10:57:43,APPROVED
c9a4d065-4b3,ACC0072,CUST0027,DEBIT,NEFT,8291.03,INR,,,IN,2026-04-06 06:56:43,APPROVED
44081cb9-3da,ACC0059,CUST0043,DEBIT,POS,1871.7,INR,M734,Retail,IN,2026-03-02 23:08:43,APPROVED
82375279-717,ACC0098,CUST0085,DEBIT,IMPS,4847.65,INR,M449,Restaurant,IN,2026-04-12 23:01:43,APPROVED
10cf883f-0a7,ACC0006,CUST0022,DEBIT,NEFT,2452.31,INR,,,IN,2026-02-25 04:49:43,APPROVED
78ab650a-27b,ACC0016,CUST0051,DEBIT,UPI,3447.81,INR,M944,Utility,IN,2026-03-11 14:32:43,APPROVED
602a62d9-e72,ACC0082,CUST0087,DEBIT,IMPS,7278.9,INR,M890,Travel,IN,2026-03-02 15:04:43,APPROVED
0c118943-af3,ACC0095,CUST0007,DEBIT,IMPS,873.64,INR,M543,Utility,IN,2026-04-04 03:24:43,APPROVED
4b2ae9dd-2d5,ACC0017,CUST0014,DEBIT,UPI,68773.99,INR,M714,Retail,IN,2026-03-24 17:00:43,APPROVED
d25e1ae5-725,ACC0098,CUST0032,DEBIT,UPI,659.17,INR,M451,Restaurant,US,2026-03-23 23:42:43,APPROVED
be65f99b-5b5,ACC0096,CUST0066,DEBIT,UPI,482.37,INR,M818,Retail,IN,2026-02-04 15:42:43,APPROVED
63aeb675-7c9,ACC0092,CUST0038,DEBIT,ATM,16935.48,INR,M788,Fuel,IN,2026-03-30 07:29:43,PENDING
56b3a8f4-354,ACC0042,CUST0091,DEBIT,UPI,9774.13,INR,M460,Retail,IN,2026-04-11 16:48:43,APPROVED
42929095-598,ACC0069,CUST0037,CREDIT,IMPS,7602.1,INR,M532,Utility,IN,2026-04-02 09:01:43,APPROVED
1c7eb754-396,ACC0008,CUST0026,DEBIT,ATM,7650.44,INR,M904,Fuel,IN,2026-01-31 11:40:43,PENDING
65320d1d-268,ACC0038,CUST0027,CREDIT,POS,2926.7,INR,M133,Restaurant,IN,2026-04-15 19:25:43,APPROVED
08e9cd25-725,ACC0096,CUST0083,DEBIT,UPI,775.97,INR,M343,Retail,IN,2026-02-01 07:11:43,APPROVED
9dfc93d5-213,ACC0050,CUST0054,TRANSFER,POS,3339.94,INR,M801,Restaurant,US,2026-04-17 21:00:43,DECLINED
47f7a53e-58d,ACC0100,CUST0057,CREDIT,NEFT,1079.5,INR,,,IN,2026-01-24 12:03:43,DECLINED
6525f8b6-aa8,ACC0078,CUST0026,CREDIT,UPI,12870.33,INR,M298,Restaurant,IN,2026-04-10 23:04:43,APPROVED
98f284b0-153,ACC0016,CUST0049,DEBIT,ATM,2390.87,INR,M385,Retail,IN,2026-04-15 13:27:43,APPROVED
83f97d55-99a,ACC0060,CUST0091,TRANSFER,NEFT,864.16,INR,,,IN,2026-02-08 06:10:43,APPROVED
85acd2e2-e12,ACC0039,CUST0063,CREDIT,UPI,1840.74,INR,M663,Restaurant,IN,2026-03-01 06:19:43,APPROVED
b8e2333e-44e,ACC0065,CUST0021,DEBIT,ATM,5538.05,INR,M649,Travel,IN,2026-02-28 03:30:43,APPROVED
18d2c51d-43d,ACC0038,CUST0028,TRANSFER,NEFT,1279.74,INR,,,IN,2026-02-15 17:58:43,APPROVED
bebb2de2-1f0,ACC0045,CUST0058,DEBIT,POS,868.41,INR,M757,Retail,IN,2026-03-20 05:08:43,DECLINED
502364f6-c47,ACC0015,CUST0050,DEBIT,NEFT,4296.39,INR,,,IN,2026-02-18 12:59:43,APPROVED
d06f8191-728,ACC0066,CUST0058,DEBIT,NEFT,4304.64,INR,,,IN,2026-01-22 04:08:43,APPROVED
57a86fac-84b,ACC0013,CUST0022,TRANSFER,UPI,1393.52,INR,M891,Retail,IN,2026-04-11 17:36:43,APPROVED
41580e13-dc2,ACC0055,CUST0014,DEBIT,ATM,1470.62,INR,M948,Healthcare,IN,2026-04-08 13:29:43,APPROVED
d2669234-e3f,ACC0020,CUST0004,DEBIT,POS,4222.05,INR,M439,Grocery,IN,2026-03-15 08:08:43,APPROVED
3fc13946-8f6,ACC0074,CUST0030,TRANSFER,NEFT,339.64,INR,,,IN,2026-01-24 17:06:43,APPROVED
7ed561fd-221,ACC0050,CUST0087,DEBIT,IMPS,360.97,INR,M106,Healthcare,IN,2026-03-17 07:41:43,APPROVED
3e546c42-e27,ACC0010,CUST0046,TRANSFER,POS,1014.69,INR,M208,Restaurant,IN,2026-01-27 10:53:43,APPROVED
cc715577-9c2,ACC0057,CUST0049,DEBIT,NEFT,2164.25,INR,,,IN,2026-02-26 06:21:43,APPROVED
2d4ec6de-d3f,ACC0051,CUST0070,DEBIT,ATM,4752.19,INR,M749,Fuel,IN,2026-03-19 16:50:43,APPROVED
030c60a4-9b8,ACC0019,CUST0016,DEBIT,UPI,27256.15,INR,M686,Retail,IN,2026-04-10 22:16:43,APPROVED
46a61e51-75c,ACC0093,CUST0045,DEBIT,ATM,10791.23,INR,M761,Utility,IN,2026-03-29 13:35:43,APPROVED
f0a84332-538,ACC0025,CUST0015,DEBIT,UPI,2345.12,INR,M918,Retail,IN,2026-02-07 16:30:43,APPROVED
69bc9db4-930,ACC0086,CUST0009,DEBIT,UPI,2897.13,INR,M302,Healthcare,IN,2026-03-30 01:57:43,APPROVED
ef3ad452-a16,ACC0080,CUST0009,TRANSFER,ATM,662.62,INR,M425,Travel,IN,2026-03-01 22:24:43,APPROVED
812137a1-f9b,ACC0073,CUST0047,CREDIT,UPI,2899.32,INR,M538,Fuel,IN,2026-04-07 08:35:43,APPROVED
7da91b6d-852,ACC0047,CUST0018,DEBIT,IMPS,1933.35,INR,M439,Travel,IN,2026-02-18 19:01:43,APPROVED
7362409e-b20,ACC0083,CUST0078,DEBIT,UPI,4837.13,INR,M387,Utility,IN,2026-03-04 20:47:43,APPROVED
a16334ca-104,ACC0003,CUST0065,DEBIT,POS,861.91,INR,M932,Retail,IN,2026-03-27 17:32:43,APPROVED
4a3f84b8-142,ACC0070,CUST0070,DEBIT,POS,6496.51,INR,M893,Fuel,IN,2026-04-03 18:14:43,APPROVED
b713396e-fd5,ACC0065,CUST0066,DEBIT,NEFT,29706.12,INR,,,IN,2026-02-16 06:02:43,APPROVED
d53fe6ea-131,ACC0097,CUST0066,DEBIT,UPI,2532.24,INR,M263,Fuel,IN,2026-01-20 08:31:43,APPROVED
1a067fde-176,ACC0062,CUST0046,DEBIT,ATM,5445.62,INR,M879,Travel,IN,2026-04-01 09:11:43,APPROVED
6832e765-fa6,ACC0067,CUST0047,DEBIT,POS,8393.53,INR,M565,Grocery,IN,2026-02-20 22:30:43,APPROVED
dd783b85-ed5,ACC0036,CUST0095,DEBIT,UPI,1632.99,INR,M657,Retail,IN,2026-04-11 21:22:43,APPROVED
8861e8cb-13e,ACC0010,CUST0067,DEBIT,UPI,4171.95,INR,M328,Retail,IN,2026-04-11 23:39:43,APPROVED
b45e1351-f89,ACC0001,CUST0065,CREDIT,IMPS,3037.8,INR,M550,Fuel,IN,2026-03-04 03:06:43,APPROVED
4633f41a-ffb,ACC0021,CUST0047,DEBIT,ATM,3451.33,INR,M936,Grocery,IN,2026-03-25 07:33:43,APPROVED
45e4e298-bab,ACC0062,CUST0062,DEBIT,POS,934.94,INR,M265,Healthcare,IN,2026-03-12 22:02:43,APPROVED
d87161d3-02c,ACC0021,CUST0018,DEBIT,ATM,3092.59,INR,M140,Retail,IN,2026-01-20 18:18:43,APPROVED
6b08a889-6a7,ACC0052,CUST0077,TRANSFER,ATM,6291.77,INR,M752,Grocery,IN,2026-02-08 20:15:43,APPROVED
7f9ddf35-3ce,ACC0061,CUST0062,DEBIT,ATM,26283.99,INR,M950,Travel,IN,2026-04-12 20:21:43,APPROVED
a482c0d9-ee4,ACC0093,CUST0088,DEBIT,UPI,12567.96,INR,M564,Retail,IN,2026-04-02 16:55:43,APPROVED
250c623c-c03,ACC0026,CUST0067,CREDIT,ATM,75340.54,INR,M616,Healthcare,IN,2026-02-16 23:40:43,APPROVED
c06c9b8b-44e,ACC0079,CUST0077,DEBIT,ATM,942.92,INR,M902,Retail,IN,2026-02-07 06:22:43,APPROVED
4ba2dfa7-f37,ACC0070,CUST0001,CREDIT,ATM,11031.18,INR,M893,Healthcare,US,2026-02-02 13:46:43,APPROVED
53275134-d70,ACC0055,CUST0030,TRANSFER,POS,3924.57,INR,M593,Utility,IN,2026-03-26 00:39:43,APPROVED
b5954edf-ef1,ACC0018,CUST0033,DEBIT,UPI,79594.83,INR,M338,Utility,IN,2026-03-04 06:07:43,APPROVED
78496328-f6a,ACC0091,CUST0096,CREDIT,NEFT,886.74,INR,,,IN,2026-04-05 04:42:43,APPROVED
64cb9265-6ca,ACC0089,CUST0041,DEBIT,IMPS,845.91,INR,M209,Fuel,IN,2026-02-03 03:16:43,APPROVED
67a65664-b91,ACC0047,CUST0079,DEBIT,UPI,1213.07,INR,M796,Travel,IN,2026-04-02 19:32:43,APPROVED
a790759f-939,ACC0048,CUST0072,DEBIT,UPI,123.24,INR,M359,Restaurant,IN,2026-03-12 05:06:43,APPROVED
56032698-af1,ACC0058,CUST0090,TRANSFER,POS,1354.74,INR,M202,Fuel,IN,2026-03-10 10:24:43,APPROVED
33ae117a-fb7,ACC0082,CUST0001,CREDIT,POS,954.61,INR,M943,Fuel,IN,2026-03-03 04:55:43,APPROVED
0fa4ea3c-164,ACC0048,CUST0011,DEBIT,POS,3735.33,INR,M841,Travel,IN,2026-04-05 00:21:43,DECLINED
c7415d44-f36,ACC0077,CUST0008,TRANSFER,UPI,4977.26,INR,M939,Fuel,IN,2026-03-11 06:57:43,APPROVED
a12bf341-2c9,ACC0005,CUST0077,DEBIT,UPI,49724.66,INR,M815,Fuel,IN,2026-03-15 11:28:43,APPROVED
65264b04-977,ACC0021,CUST0012,TRANSFER,ATM,12402.28,INR,M898,Travel,IN,2026-04-14 12:39:43,APPROVED
a0160ac9-dc0,ACC0095,CUST0091,DEBIT,ATM,1254.69,INR,M192,Retail,IN,2026-03-09 23:53:43,APPROVED
1707d34f-50e,ACC0036,CUST0029,DEBIT,NEFT,774.62,INR,,,SG,2026-03-31 05:38:43,APPROVED
34c80090-67c,ACC0065,CUST0014,DEBIT,NEFT,6234.66,INR,,,IN,2026-03-11 05:16:43,APPROVED
9b530499-a22,ACC0069,CUST0074,DEBIT,UPI,411.43,INR,M553,Travel,UK,2026-03-02 15:07:43,APPROVED
7e776bff-876,ACC0076,CUST0004,DEBIT,IMPS,46499.1,INR,M364,Grocery,IN,2026-02-18 22:05:43,APPROVED
2a290d49-b69,ACC0053,CUST0046,DEBIT,ATM,17486.08,INR,M109,Healthcare,IN,2026-02-16 09:00:43,APPROVED
5df28373-533,ACC0044,CUST0010,DEBIT,IMPS,1474.74,INR,M282,Travel,IN,2026-02-18 20:21:43,APPROVED
4a668e68-ff7,ACC0088,CUST0025,DEBIT,ATM,228.22,INR,M304,Fuel,UK,2026-02-15 05:33:43,APPROVED
161cd77d-78e,ACC0080,CUST0046,DEBIT,ATM,22715.63,INR,M209,Grocery,IN,2026-02-20 17:30:43,DECLINED
045f34a9-7f5,ACC0070,CUST0006,CREDIT,UPI,2510.38,INR,M480,Retail,IN,2026-04-15 08:47:43,APPROVED
ef54f68b-b74,ACC0066,CUST0036,DEBIT,ATM,19086.27,INR,M868,Retail,AE,2026-04-01 19:47:43,APPROVED
d1f35461-fea,ACC0045,CUST0051,CREDIT,UPI,272.7,INR,M894,Fuel,IN,2026-03-27 00:46:43,APPROVED
b913c056-cf7,ACC0002,CUST0002,DEBIT,IMPS,1213.1,INR,M488,Retail,IN,2026-02-03 09:49:43,APPROVED
20cab8b9-ded,ACC0034,CUST0031,DEBIT,NEFT,3004.5,INR,,,IN,2026-03-06 07:11:43,DECLINED
868c4a47-e37,ACC0054,CUST0090,CREDIT,IMPS,3198.61,INR,M473,Utility,IN,2026-03-02 22:27:43,APPROVED
46af64ad-6d4,ACC0088,CUST0030,CREDIT,ATM,1517.62,INR,M838,Restaurant,SG,2026-03-16 16:52:43,APPROVED
22158054-7b6,ACC0095,CUST0020,DEBIT,IMPS,7587.63,INR,M109,Fuel,IN,2026-03-31 01:10:43,APPROVED
526e7f02-070,ACC0063,CUST0039,DEBIT,UPI,600.98,INR,M979,Retail,IN,2026-02-05 07:49:43,APPROVED
48c7aa3f-4aa,ACC0033,CUST0061,CREDIT,POS,2407.71,INR,M198,Travel,IN,2026-01-31 09:26:43,APPROVED
a8ee9ca9-7b0,ACC0033,CUST0045,DEBIT,UPI,3570.44,INR,M224,Restaurant,IN,2026-02-20 22:39:43,APPROVED
50f9b505-60a,ACC0069,CUST0023,TRANSFER,UPI,6448.86,INR,M391,Restaurant,IN,2026-04-05 17:52:43,APPROVED
520f5339-5cd,ACC0049,CUST0079,DEBIT,IMPS,8668.25,INR,M746,Fuel,IN,2026-03-25 03:05:43,APPROVED
a917980f-4d7,ACC0010,CUST0011,DEBIT,UPI,551.72,INR,M333,Restaurant,IN,2026-04-09 21:42:43,APPROVED
a5481d23-cf1,ACC0035,CUST0057,CREDIT,UPI,298.52,INR,M471,Healthcare,IN,2026-02-25 09:33:43,APPROVED
4785047c-f90,ACC0017,CUST0094,DEBIT,ATM,20262.26,INR,M357,Healthcare,IN,2026-03-17 00:26:43,APPROVED
ac198eb8-67a,ACC0009,CUST0061,DEBIT,IMPS,4907.26,INR,M126,Utility,IN,2026-01-28 17:26:43,APPROVED
05ad6097-253,ACC0084,CUST0050,DEBIT,UPI,969.97,INR,M353,Healthcare,IN,2026-01-28 14:32:43,APPROVED
d0149c98-357,ACC0004,CUST0005,DEBIT,UPI,30538.03,INR,M981,Restaurant,IN,2026-04-08 15:24:43,APPROVED
bd0214ea-86c,ACC0018,CUST0090,DEBIT,NEFT,3545.77,INR,,,IN,2026-03-19 05:15:43,APPROVED
5dd4eaba-c8b,ACC0082,CUST0082,DEBIT,UPI,17482.33,INR,M455,Travel,IN,2026-03-18 08:03:43,APPROVED
2151b479-c48,ACC0020,CUST0039,DEBIT,NEFT,3298.68,INR,,,IN,2026-01-30 01:35:43,APPROVED
adf53461-170,ACC0089,CUST0063,TRANSFER,IMPS,65586.29,INR,M588,Restaurant,IN,2026-02-04 22:34:43,APPROVED
ccc952dd-223,ACC0071,CUST0048,DEBIT,ATM,41481.85,INR,M674,Travel,IN,2026-03-14 20:54:43,APPROVED
9d700be5-3a7,ACC0029,CUST0034,DEBIT,IMPS,2051.97,INR,M740,Fuel,IN,2026-02-08 10:03:43,APPROVED
6ca4da7a-17f,ACC0096,CUST0069,CREDIT,NEFT,12802.0,INR,,,IN,2026-04-07 09:59:43,APPROVED
8fb38555-ddd,ACC0059,CUST0080,DEBIT,NEFT,7848.39,INR,,,IN,2026-01-26 16:24:43,APPROVED
3a947da1-0f7,ACC0069,CUST0003,DEBIT,POS,23224.14,INR,M204,Restaurant,IN,2026-03-21 17:36:43,APPROVED
8ad21ce7-1db,ACC0002,CUST0064,DEBIT,ATM,701.07,INR,M530,Restaurant,IN,2026-03-16 10:16:43,APPROVED
9e2069f2-cfe,ACC0097,CUST0019,DEBIT,POS,8342.16,INR,M894,Travel,IN,2026-03-22 22:45:43,APPROVED
dd5f31d0-651,ACC0002,CUST0016,TRANSFER,NEFT,14583.36,INR,,,IN,2026-03-19 16:28:43,APPROVED
2b021472-b22,ACC0095,CUST0099,DEBIT,POS,213.13,INR,M781,Fuel,IN,2026-03-09 01:31:43,APPROVED
574ba087-21e,ACC0094,CUST0006,CREDIT,NEFT,505.28,INR,,,IN,2026-04-15 21:15:43,APPROVED
36544f58-923,ACC0007,CUST0086,DEBIT,NEFT,139.93,INR,,,IN,2026-02-02 19:46:43,APPROVED
3f2fef7f-cf0,ACC0036,CUST0075,DEBIT,POS,1990.0,INR,M908,Fuel,IN,2026-04-10 00:36:43,APPROVED
82ae93f8-d69,ACC0020,CUST0048,CREDIT,IMPS,8745.66,INR,M354,Fuel,IN,2026-01-24 06:06:43,APPROVED
0d9ea7d8-84e,ACC0083,CUST0020,CREDIT,POS,28382.71,INR,M910,Grocery,IN,2026-04-16 06:37:43,APPROVED
dde4ec24-5ca,ACC0057,CUST0094,DEBIT,NEFT,3331.38,INR,,,IN,2026-02-16 21:51:43,APPROVED
4860b0de-39c,ACC0063,CUST0091,DEBIT,NEFT,34300.78,INR,,,IN,2026-03-05 10:24:43,APPROVED
b670caf0-c6f,ACC0045,CUST0042,CREDIT,UPI,376.1,INR,M381,Utility,IN,2026-04-18 02:28:43,APPROVED
7b5aff79-221,ACC0038,CUST0034,DEBIT,UPI,231.58,INR,M564,Grocery,IN,2026-03-29 16:20:43,APPROVED
f298aa18-231,ACC0080,CUST0047,CREDIT,ATM,2742.65,INR,M344,Restaurant,IN,2026-03-24 00:02:43,APPROVED
656355b3-c45,ACC0088,CUST0064,CREDIT,IMPS,5303.37,INR,M257,Retail,IN,2026-04-13 05:08:43,APPROVED
4957b8f1-71d,ACC0085,CUST0009,DEBIT,POS,2838.29,INR,M232,Fuel,IN,2026-03-12 07:36:43,APPROVED
8490bbd2-8e1,ACC0074,CUST0083,CREDIT,ATM,134.13,INR,M773,Travel,IN,2026-02-12 14:47:43,APPROVED
e1ae24d5-432,ACC0078,CUST0092,DEBIT,POS,2607.95,INR,M313,Healthcare,IN,2026-04-18 05:32:43,APPROVED
055704d3-de8,ACC0096,CUST0054,CREDIT,POS,421.28,INR,M913,Healthcare,IN,2026-01-29 02:07:43,APPROVED
5605b8c6-f04,ACC0039,CUST0010,TRANSFER,POS,8139.7,INR,M631,Grocery,IN,2026-04-06 19:49:43,APPROVED
5be2c1c1-3c7,ACC0085,CUST0032,DEBIT,ATM,5166.22,INR,M283,Retail,IN,2026-02-17 04:40:43,APPROVED
643e85aa-511,ACC0059,CUST0090,DEBIT,UPI,727.91,INR,M206,Fuel,IN,2026-03-13 10:22:43,APPROVED
396805ab-764,ACC0069,CUST0077,DEBIT,NEFT,1379.12,INR,,,IN,2026-03-29 23:48:43,APPROVED
5496c492-419,ACC0082,CUST0056,CREDIT,NEFT,608.61,INR,,,IN,2026-02-28 04:36:43,APPROVED
47e1c1e1-550,ACC0071,CUST0096,DEBIT,ATM,2713.46,INR,M563,Travel,IN,2026-02-18 05:50:43,DECLINED
030e5604-b1b,ACC0067,CUST0018,TRANSFER,NEFT,12490.37,INR,,,IN,2026-01-19 10:18:43,APPROVED
a0620666-07e,ACC0089,CUST0036,TRANSFER,NEFT,679.54,INR,,,IN,2026-02-25 18:29:43,APPROVED
1a3da28c-63a,ACC0046,CUST0020,DEBIT,POS,6349.11,INR,M475,Retail,IN,2026-04-02 05:25:43,APPROVED
b0bba96b-87c,ACC0028,CUST0094,DEBIT,UPI,1345.62,INR,M432,Utility,IN,2026-02-19 20:21:43,APPROVED
bce41e56-3c0,ACC0013,CUST0077,DEBIT,UPI,907.5,INR,M138,Healthcare,IN,2026-03-22 10:00:43,APPROVED
4dde2a35-dfe,ACC0043,CUST0045,CREDIT,POS,2538.82,INR,M544,Travel,US,2026-03-07 14:05:43,DECLINED
6f1c748e-386,ACC0082,CUST0100,DEBIT,UPI,630.89,INR,M155,Restaurant,US,2026-02-02 19:03:43,APPROVED
0b810e0d-cd2,ACC0090,CUST0029,DEBIT,ATM,1299.23,INR,M789,Healthcare,IN,2026-02-28 04:52:43,PENDING
8cfd4ac5-3d2,ACC0056,CUST0038,CREDIT,UPI,494.32,INR,M251,Fuel,IN,2026-03-17 06:52:43,APPROVED
85cac684-41e,ACC0034,CUST0011,DEBIT,POS,56788.42,INR,M544,Utility,IN,2026-03-20 06:03:43,APPROVED
daf6eb1d-297,ACC0084,CUST0074,DEBIT,ATM,3142.88,INR,M730,Healthcare,IN,2026-02-05 02:51:43,APPROVED
dc948610-eb3,ACC0074,CUST0012,DEBIT,IMPS,1043.58,INR,M523,Travel,IN,2026-02-18 13:33:43,APPROVED
09e1b9d1-718,ACC0099,CUST0040,DEBIT,UPI,4109.14,INR,M458,Retail,IN,2026-02-11 21:38:43,APPROVED
5f5a61ff-823,ACC0030,CUST0026,DEBIT,IMPS,2518.72,INR,M259,Utility,IN,2026-03-16 06:25:43,APPROVED
e5f90476-39b,ACC0080,CUST0019,CREDIT,POS,2139.97,INR,M939,Restaurant,IN,2026-01-28 15:03:43,APPROVED
a783b702-8eb,ACC0043,CUST0027,CREDIT,IMPS,7489.45,INR,M316,Fuel,IN,2026-04-16 14:35:43,APPROVED
4242667b-a9d,ACC0019,CUST0089,DEBIT,UPI,9285.99,INR,M118,Travel,IN,2026-02-21 04:46:43,APPROVED
a29b201b-7de,ACC0037,CUST0026,CREDIT,NEFT,1345.13,INR,,,IN,2026-04-13 03:18:43,APPROVED
0587e468-350,ACC0085,CUST0035,DEBIT,POS,1256.74,INR,M775,Restaurant,IN,2026-01-25 01:57:43,APPROVED
a334a7e8-876,ACC0049,CUST0066,TRANSFER,IMPS,1973.22,INR,M201,Restaurant,IN,2026-01-20 21:11:43,APPROVED
e857df37-b28,ACC0059,CUST0072,TRANSFER,ATM,94.36,INR,M122,Grocery,IN,2026-04-05 04:21:43,APPROVED
97435ca6-239,ACC0021,CUST0003,DEBIT,IMPS,307.11,INR,M460,Restaurant,IN,2026-03-26 20:37:43,APPROVED
d5c3db77-81e,ACC0050,CUST0004,TRANSFER,POS,23163.0,INR,M386,Fuel,IN,2026-02-18 03:33:43,APPROVED
e7f5ce14-039,ACC0067,CUST0087,DEBIT,POS,35152.52,INR,M740,Healthcare,IN,2026-03-10 08:24:43,APPROVED
187dab2c-0ab,ACC0078,CUST0043,DEBIT,IMPS,2051.75,INR,M234,Fuel,SG,2026-02-18 05:25:43,APPROVED
87ee478c-6d2,ACC0040,CUST0089,CREDIT,ATM,7078.63,INR,M636,Fuel,IN,2026-04-03 04:59:43,APPROVED
3fd95bb7-119,ACC0041,CUST0009,DEBIT,UPI,4754.64,INR,M836,Grocery,US,2026-02-06 08:15:43,APPROVED
ecae44fa-603,ACC0053,CUST0053,DEBIT,NEFT,302041.96,INR,,,IN,2026-02-06 10:17:43,APPROVED
315f7243-838,ACC0014,CUST0017,DEBIT,ATM,15984.3,INR,M880,Retail,IN,2026-04-10 10:33:43,APPROVED
628c069f-ad6,ACC0030,CUST0088,DEBIT,ATM,2460.51,INR,M181,Healthcare,IN,2026-04-06 05:55:43,APPROVED
b44f988f-df8,ACC0084,CUST0048,DEBIT,UPI,711.01,INR,M496,Travel,IN,2026-02-05 04:10:43,APPROVED
33909d1b-288,ACC0002,CUST0035,TRANSFER,POS,267.82,INR,M327,Healthcare,IN,2026-02-07 17:30:43,APPROVED
d9e78f68-e9b,ACC0057,CUST0079,DEBIT,ATM,4044.83,INR,M432,Utility,US,2026-02-12 17:20:43,APPROVED
b998cd50-667,ACC0049,CUST0093,DEBIT,POS,958.6,INR,M726,Healthcare,IN,2026-02-19 00:41:43,APPROVED
258b7704-e63,ACC0058,CUST0059,CREDIT,POS,353.05,INR,M143,Fuel,IN,2026-03-28 03:57:43,APPROVED
e1aac109-aeb,ACC0098,CUST0081,TRANSFER,UPI,1130.19,INR,M294,Restaurant,IN,2026-03-10 10:18:43,APPROVED
2c484e1c-4f7,ACC0079,CUST0007,DEBIT,ATM,588.56,INR,M245,Travel,IN,2026-02-25 20:45:43,APPROVED
cc4ff558-bd4,ACC0100,CUST0075,TRANSFER,UPI,37448.14,INR,M812,Retail,IN,2026-03-16 14:02:43,APPROVED
fbc13a35-0ff,ACC0076,CUST0092,CREDIT,POS,11186.46,INR,M565,Grocery,IN,2026-03-11 21:44:43,APPROVED
489a47f5-299,ACC0016,CUST0012,DEBIT,ATM,2945.52,INR,M560,Healthcare,IN,2026-04-17 08:14:43,APPROVED
4477db99-5d8,ACC0021,CUST0049,DEBIT,UPI,27444.37,INR,M144,Utility,IN,2026-03-27 09:40:43,APPROVED
ea6cce11-12d,ACC0019,CUST0023,CREDIT,ATM,3347.78,INR,M152,Travel,IN,2026-03-02 06:11:43,APPROVED
8a60d265-2db,ACC0017,CUST0026,DEBIT,ATM,818.99,INR,M883,Restaurant,IN,2026-03-16 20:56:43,APPROVED
d16c2728-bca,ACC0064,CUST0031,DEBIT,POS,29280.77,INR,M775,Travel,IN,2026-03-23 02:50:43,APPROVED
7dc63ba0-3ae,ACC0071,CUST0036,DEBIT,UPI,6689.97,INR,M670,Utility,IN,2026-03-15 13:54:43,APPROVED
d4beff49-901,ACC0005,CUST0019,CREDIT,POS,629.0,INR,M783,Retail,IN,2026-01-24 16:25:43,APPROVED
a18f4767-b5f,ACC0054,CUST0023,DEBIT,POS,2240.58,INR,M391,Retail,IN,2026-02-25 22:14:43,APPROVED
1122fb03-a74,ACC0059,CUST0096,DEBIT,UPI,801.57,INR,M136,Grocery,IN,2026-04-18 06:52:43,APPROVED
770e9cf6-c44,ACC0098,CUST0055,CREDIT,IMPS,374.58,INR,M166,Restaurant,IN,2026-02-28 23:13:43,APPROVED
